timestamp,uav_id,event_type,anomaly_score,packet_rate,latency_ms,packet_loss_pct,severity
2026-08-29T22:34:53.766708+00:00,5,Possible Spoofing Attack,0.14841289838014937,199.96109658391705,86.5584664632056,3.463173221776776,Medium
2026-08-29T22:34:53.773956+00:00,3,Possible Spoofing Attack,0.07058206864368421,169.2646609340805,63.1178753789441,2.577222894836005,Medium
2026-08-29T22:34:53.783612+00:00,5,Possible Spoofing Attack,0.16580965447211538,230.73262207260785,78.28030229733278,6.261408267271753,Medium
2026-08-29T22:34:53.790457+00:00,3,General UAV Network Anomaly,0.00025337537798042487,89.375,53.93514752161343,0.8387165187244988,Medium
2026-08-29T22:34:53.797613+00:00,1,General UAV Network Anomaly,0.01656607683900435,108.0,37.421268960463,0.6338608481870677,Medium
2026-08-29T22:34:53.800520+00:00,2,General UAV Network Anomaly,0.0205105059495706,78.625,49.48826453976849,3.2608823455119573,Medium
2026-08-29T22:34:53.809437+00:00,1,Possible Spoofing Attack,0.16284213125984048,191.89727596301938,89.3399479091772,8.866909266529962,Medium
2026-08-29T22:34:53.818018+00:00,3,Possible Spoofing Attack,0.11073922151094562,141.3411726888819,60.25632113872582,5.44201191049262,Medium
2026-08-29T22:34:53.821493+00:00,4,Possible Jamming Attack,0.14360867603735772,72.7681795350902,129.69110581928345,24.088167948663603,High
2026-08-29T22:34:53.824616+00:00,5,General UAV Network Anomaly,0.0232328612423941,39.25,36.65630885117719,2.40030391857451,Medium
2026-08-29T22:34:53.827674+00:00,4,General UAV Network Anomaly,0.0004601562433731443,94.75,42.522055172139154,2.711924405936424,Medium
2026-08-29T22:34:53.833667+00:00,5,Possible Spoofing Attack,0.12103843291782856,96.73396518019045,63.924559414830675,3.472293408040402,Medium
2026-08-29T22:34:53.837346+00:00,4,Possible Jamming Attack,0.13330074678247184,54.90114375385344,98.27278628057412,11.395373469683495,High
2026-08-29T22:34:53.840302+00:00,1,General UAV Network Anomaly,0.022142476846441994,65.625,48.56405521025108,1.0447403391509813,Medium
2026-08-29T22:34:53.845213+00:00,3,Possible Jamming Attack,0.1414294007534781,27.160161357082053,101.34143359203152,15.718188099333682,High
2026-08-29T22:34:53.845806+00:00,4,Possible Spoofing Attack,0.10104156445430379,136.5185173678205,57.11328068848638,5.846315355455692,Medium
2026-08-29T22:34:53.853023+00:00,4,General UAV Network Anomaly,0.018057606908520873,34.375,36.51793380843104,2.6343007515728516,Medium
2026-08-29T22:34:53.854468+00:00,2,General UAV Network Anomaly,0.0500704170680184,126.75,33.12238742786342,-0.005860732509468614,Medium
2026-08-29T22:34:53.860700+00:00,4,Possible Jamming Attack,0.15820576346076087,183.55948786222515,78.95549820049838,10.067493371223007,High
2026-08-29T22:34:53.864909+00:00,3,Possible Spoofing Attack,0.02467750801737234,116.50354653948139,48.84715799146781,2.36379780651869,Medium
2026-08-29T22:34:53.872022+00:00,1,Possible Spoofing Attack,0.11989760732507893,157.69726793017406,55.88323539198117,5.455753606052255,Medium
2026-08-29T22:34:53.876310+00:00,3,Possible Spoofing Attack,0.12529794034767583,175.2529712338219,58.38076968081675,2.345029687039622,Medium
2026-08-29T22:34:53.877843+00:00,1,Possible Jamming Attack,0.13652913879344653,73.8614511408702,90.58478673194898,22.014020291066103,High
2026-08-29T22:34:53.888030+00:00,1,General UAV Network Anomaly,0.006462966648551727,33.75,36.166225691622934,1.6453288817596452,Medium
2026-08-29T22:34:53.895621+00:00,1,Possible Spoofing Attack,0.1310144589503116,168.58226930258223,72.9604757408575,3.698106752021439,Medium
2026-08-29T22:34:53.896733+00:00,5,Possible Spoofing Attack,0.11438024896691501,164.32005361976087,62.92745289518207,4.4637328321434735,Medium
2026-08-29T22:34:53.906341+00:00,4,General UAV Network Anomaly,0.007414879757548731,113.875,46.38046743707487,2.1642579928863155,Medium
2026-08-29T22:34:53.909643+00:00,1,Possible Spoofing Attack,0.13408183904103832,226.33188690106363,78.82654011412224,2.4743066811264276,Medium
2026-08-29T22:34:53.912450+00:00,5,Possible Spoofing Attack,0.13152285704232725,187.84077503174183,66.11129375296512,6.477295600851038,Medium
2026-08-29T22:34:53.916321+00:00,2,Possible Jamming Attack,0.14370936276097113,56.75507164748676,89.19072458761443,18.57271837221677,High
2026-08-29T22:34:53.929125+00:00,1,Possible Jamming Attack,0.15488377910281836,47.54113532232033,135.61879153333456,14.672888509352697,High
2026-08-29T22:34:53.930167+00:00,4,General UAV Network Anomaly,0.04771230481634947,127.75,46.78668926957084,2.6911873459734226,Medium
2026-08-29T22:34:53.934161+00:00,5,Possible Spoofing Attack,0.14638459324175312,133.2686299937016,78.36657357758983,6.822958942536054,Medium
2026-08-29T22:34:53.940848+00:00,2,General UAV Network Anomaly,0.003062648950987623,75.625,53.08276002353262,1.1217744718037583,Medium
2026-08-29T22:34:53.946201+00:00,1,Possible Unauthorized Access,0.08304567692102216,135.17490341314198,35.24209102150303,3.02400313333153,Medium
2026-08-29T22:34:53.947791+00:00,1,General UAV Network Anomaly,0.042800668733508296,61.0,53.589456096790016,2.6385636301897772,Medium
2026-08-29T22:34:53.951951+00:00,4,Possible Spoofing Attack,0.1409225580864526,164.16956399597225,70.99650466913226,6.55274655195744,Medium
2026-08-29T22:34:53.956175+00:00,3,Possible Spoofing Attack,0.14811904044743607,207.61635217498355,85.27137162412978,7.9414864143774055,Medium
2026-08-29T22:34:53.962734+00:00,2,Possible Jamming Attack,0.14904621836850163,79.13103383686625,98.85738854855538,15.067924255556132,High
2026-08-29T22:34:53.969159+00:00,1,Possible Spoofing Attack,0.03377829128169618,141.19202167031293,59.3923909302014,1.4456692457160951,Medium
2026-08-29T22:34:53.972680+00:00,3,General UAV Network Anomaly,0.0036812952647262698,110.0,35.71739979784555,0.4826014519079158,Medium
2026-08-29T22:34:53.973971+00:00,3,Possible Spoofing Attack,0.13352360421503207,162.59449187828588,78.98192927450778,9.294894888912792,Medium
2026-08-29T22:34:53.979203+00:00,4,General UAV Network Anomaly,0.028381795795241027,34.5,51.11582588260569,1.2469774926683983,Medium
2026-08-29T22:34:53.983137+00:00,3,Possible Spoofing Attack,0.14091676561239586,190.005537909925,104.77174745412866,8.674360708196476,Medium
2026-08-29T22:34:53.984548+00:00,2,Possible Jamming Attack,0.14722692004629168,60.57018542388145,104.44972762279534,12.81845376313115,High
2026-08-29T22:34:53.986769+00:00,3,General UAV Network Anomaly,0.016687485919212097,110.125,55.55070896872617,1.421934559638738,Medium
2026-08-29T22:34:53.988149+00:00,1,General UAV Network Anomaly,0.001281390577342445,120.625,48.76829465134417,1.5437519132746331,Medium
2026-08-29T22:34:53.990920+00:00,4,Possible Jamming Attack,0.13484537191556878,57.66885982258109,85.61431066955612,15.152751127539448,High
2026-08-29T22:34:53.991495+00:00,4,Possible Jamming Attack,0.15012516371603102,60.9555264977176,116.3581676819135,21.247152331015315,High
2026-08-29T22:34:53.994045+00:00,5,General UAV Network Anomaly,0.016415855015136316,80.25,27.833145921200465,1.1749262463703831,Medium
2026-08-29T22:34:53.994925+00:00,3,General UAV Network Anomaly,0.005861313334735829,60.625,53.07915968839728,2.5462820027550657,Medium
2026-08-29T22:34:53.996723+00:00,2,Possible Spoofing Attack,0.10291537788395189,165.03850726618165,56.07230474142831,6.588246007832073,Medium
2026-08-29T22:34:53.998864+00:00,4,General UAV Network Anomaly,0.002350062718880941,47.75,33.01072478794436,1.6857826798439761,Medium
2026-08-29T22:34:54.001476+00:00,3,Possible Spoofing Attack,0.08679435731597607,144.92943104718427,37.123678035544664,3.1813612813584524,Medium
2026-08-29T22:34:54.004321+00:00,5,Possible Jamming Attack,0.152310955687039,65.18261441941446,78.28748586460814,23.7003392324758,High
2026-08-29T22:34:54.006412+00:00,4,General UAV Network Anomaly,0.028727018589042808,36.0,46.93612115254237,0.13347034501758914,Medium
2026-08-29T22:34:54.008377+00:00,2,Possible Spoofing Attack,0.16196941732639536,137.7424275286711,77.44612629806142,7.203186319141684,Medium
2026-08-29T22:34:54.010920+00:00,1,Possible Jamming Attack,0.1164134611675276,81.64969042591221,108.8773143408083,11.052004182832173,High
2026-08-29T22:34:54.012473+00:00,3,Possible Spoofing Attack,0.1448904699253466,143.74908459756028,86.05297429458312,4.552331920634113,Medium
2026-08-29T22:34:54.014911+00:00,2,Possible Spoofing Attack,0.11402136492010062,191.13595507402695,66.3370101734755,1.197092438201603,Medium
2026-08-29T22:34:54.016607+00:00,1,Possible Spoofing Attack,0.1237082030149298,169.9720963697446,72.53735637178448,5.908085424357239,Medium
2026-08-29T22:34:54.018236+00:00,4,General UAV Network Anomaly,0.008701231616427774,45.875,49.12899782862153,0.9848336565599792,Medium
2026-08-29T22:34:54.021249+00:00,2,Possible Jamming Attack,0.1173683200619351,78.76197227228218,122.2773269228156,14.277197298034853,High
2026-08-29T22:34:54.024138+00:00,2,Possible Spoofing Attack,0.13780305170725826,187.13103995254087,88.19023877526838,9.45186356126629,Medium
2026-08-29T22:34:54.026269+00:00,5,Possible Jamming Attack,0.13304283272328965,208.32072704554363,60.88651821384808,11.145447953151777,High
2026-08-29T22:34:54.028266+00:00,3,Possible Malformed Traffic,0.14525924782032973,171.75326033843518,109.61595116720044,3.32578179243946,Medium
2026-08-29T22:34:54.030133+00:00,1,General UAV Network Anomaly,0.03229248165702814,36.375,47.687589942833284,1.269059685406568,Medium
2026-08-29T22:34:54.033101+00:00,1,General UAV Network Anomaly,0.013616873104606353,112.25,31.157477516606576,2.2725997085734186,Medium
2026-08-29T22:34:54.036294+00:00,1,Possible Spoofing Attack,0.1507748354844668,166.05920381300618,94.20149851859871,7.275362002071852,Medium
2026-08-29T22:34:54.037539+00:00,5,Possible Spoofing Attack,0.1017766979372885,142.23481863748344,57.09784290583688,3.0208085078880913,Medium
2026-08-29T22:34:54.039922+00:00,3,Possible Spoofing Attack,0.11905879695391797,74.18625787517777,115.83127353363946,9.546641861967741,Medium
2026-08-29T22:34:54.040969+00:00,3,Possible Malformed Traffic,0.11114747380062528,196.59223717673734,98.33341562532259,9.555478537892371,Medium
2026-08-29T22:34:54.044494+00:00,2,Possible Spoofing Attack,0.04660367280146649,154.06135150644306,52.686187104158286,1.630106974374712,Medium
2026-08-29T22:34:54.046137+00:00,5,Possible Jamming Attack,0.13155264572597591,88.50109114529005,109.84622008557261,16.06062109068765,High
2026-08-29T22:34:54.050003+00:00,1,General UAV Network Anomaly,0.0034617129720602158,110.375,40.52206420217382,0.9978984350307454,Medium
2026-08-29T22:34:54.050606+00:00,5,Possible Spoofing Attack,0.12919100362475222,196.369679750716,61.07822316798991,3.6792867918053163,Medium
2026-08-29T22:34:54.052832+00:00,2,Possible Spoofing Attack,0.10142568196214385,124.65703821066613,54.753656106920104,3.4324542166423004,Medium
2026-08-29T22:34:54.056240+00:00,1,Possible Spoofing Attack,0.12565721767246263,165.04748419067212,69.4786332759928,3.991687581826522,Medium
2026-08-29T22:34:54.057199+00:00,3,Possible Jamming Attack,0.143274589775776,74.38877322147445,91.54570627184665,23.482172809380383,High
2026-08-29T22:34:54.057840+00:00,5,Possible Spoofing Attack,0.06585619465048276,134.41296215520381,34.52198443690969,3.0642547636073387,Medium
2026-08-29T22:34:54.061040+00:00,4,General UAV Network Anomaly,0.1639578715844523,155.68078959299535,74.37477492506925,6.952599591791279,Medium
2026-08-29T22:34:54.062286+00:00,2,General UAV Network Anomaly,0.03507443372821861,103.375,32.019810958417985,1.1644116988273336,Medium
2026-08-29T22:34:54.064507+00:00,3,Possible Spoofing Attack,0.08681356279313035,169.33355836003037,46.27324416048025,2.5573012521747183,Medium
2026-08-29T22:34:54.066052+00:00,1,General UAV Network Anomaly,0.02184463502482059,89.375,30.061185389047125,1.7968982933552933,Medium
2026-08-29T22:34:54.068262+00:00,4,General UAV Network Anomaly,0.03844073698241901,50.25,44.82820030100272,0.4096920498967864,Medium
2026-08-29T22:34:54.070416+00:00,1,Possible Spoofing Attack,0.13397780477444343,199.76667987161193,87.80499306477608,2.7359698016208593,Medium
2026-08-29T22:34:54.072296+00:00,4,Possible Malformed Traffic,0.12133050809873791,191.85902396417782,71.63864089931674,4.648777634966591,Medium
2026-08-29T22:34:54.073762+00:00,3,General UAV Network Anomaly,0.04153185065596798,102.0,44.772628339207465,2.8621098993793788,Medium
2026-08-29T22:34:54.076671+00:00,5,Possible Jamming Attack,0.12246457515277753,67.91424520319202,134.10191306900057,15.78788505378215,High
2026-08-29T22:34:54.078742+00:00,4,Possible Spoofing Attack,0.1334800359715984,148.25257636505538,67.39659373270105,2.539897550173503,Medium
2026-08-29T22:34:54.080125+00:00,5,Possible Spoofing Attack,0.15835102881971808,160.42347173755755,68.6710185250393,5.275525346363325,Medium
2026-08-29T22:34:54.082333+00:00,5,Possible Spoofing Attack,0.15440049969704983,189.6634636353587,92.96955775854441,6.374637795849612,Medium
2026-08-29T22:34:54.084397+00:00,4,General UAV Network Anomaly,0.020542879005462478,125.0,54.69725146580082,2.0118018704803253,Medium
2026-08-29T22:34:54.086237+00:00,1,Possible Spoofing Attack,0.05397129874921669,139.1801547778375,43.545754960054474,2.4764907804163636,Medium
2026-08-29T22:34:54.087803+00:00,1,General UAV Network Anomaly,0.03125466618403816,52.25,31.341782754979214,0.572446470344767,Medium
2026-08-29T22:34:54.090030+00:00,2,Possible Spoofing Attack,0.12378569674054074,175.19845486094943,80.29304194486886,4.8933220983552825,Medium
2026-08-29T22:34:54.091737+00:00,5,General UAV Network Anomaly,0.03451936569545788,81.0,54.11326058289342,0.36725244370078713,Medium
2026-08-29T22:34:54.094128+00:00,5,Possible Jamming Attack,0.15649986244440584,49.82478274103997,92.77900655668849,24.885904682522806,High
2026-08-29T22:34:54.095895+00:00,1,Possible Spoofing Attack,0.08973129040730676,139.49332218935095,70.59337324527672,2.2524465218012466,Medium
2026-08-29T22:34:54.098043+00:00,4,General UAV Network Anomaly,0.07441677340344666,47.5,67.36826166668222,0.6693120176184466,Medium
2026-08-29T22:34:54.100052+00:00,4,General UAV Network Anomaly,0.010262129190537594,101.875,47.275780713356326,0.7107469635815828,Medium
2026-08-29T22:34:54.101840+00:00,2,Possible Spoofing Attack,0.13626529626909412,142.7316939036437,77.28137599286538,2.6860682373139078,Medium
2026-08-29T22:34:54.104115+00:00,1,Possible Spoofing Attack,0.09364917161621589,135.09661970113362,62.33724278336193,1.994904818969491,Medium
2026-08-29T22:34:54.106983+00:00,2,Possible Jamming Attack,0.11724373733113025,79.06211390592678,70.20154066608545,21.995340612581938,High
2026-08-29T22:34:54.108178+00:00,2,General UAV Network Anomaly,0.033858741105860846,108.5,35.252082869707316,2.308208997301559,Medium
2026-08-29T22:34:54.110568+00:00,5,General UAV Network Anomaly,0.036564225959907826,33.625,25.347254833812844,2.0541544035459536,Medium
2026-08-29T22:34:54.112640+00:00,1,General UAV Network Anomaly,0.019994410220098402,114.875,37.7355676514365,2.704581207983674,Medium
2026-08-29T22:34:54.114143+00:00,3,General UAV Network Anomaly,0.05792662824055306,114.25,33.798275591891716,2.6483523750215565,Medium
2026-08-29T22:34:54.116929+00:00,1,Possible Spoofing Attack,0.09705414683218005,132.48625312419023,53.440539215634665,3.148341739246127,Medium
2026-08-29T22:34:54.117664+00:00,1,Possible Spoofing Attack,0.12779920144399226,173.29858039811654,57.35028246621403,5.178080637126337,Medium
2026-08-29T22:34:54.120066+00:00,4,General UAV Network Anomaly,0.06410433816795558,130.73391185153466,52.435302041863444,2.7395962708030916,Medium
2026-08-29T22:34:54.121584+00:00,4,General UAV Network Anomaly,0.12591819733016063,77.29277187342909,71.01256489355154,7.748212713578999,Medium
2026-08-29T22:34:54.123204+00:00,2,General UAV Network Anomaly,0.004392276287449537,46.875,42.94302183002225,3.2822338333831325,Medium
2026-08-29T22:34:54.125126+00:00,3,Possible Spoofing Attack,0.13706270865081405,142.48212396574831,69.56609962585716,3.590721018540406,Medium
2026-08-29T22:34:54.126599+00:00,1,Possible Jamming Attack,0.12298994981605693,76.90081512169667,114.53010704230577,14.062623475561226,High
2026-08-29T22:34:54.129248+00:00,4,Possible Spoofing Attack,0.12752643232730987,154.01990075835081,59.90832230075038,8.53913724378559,Medium
2026-08-29T22:34:54.130242+00:00,4,Possible Jamming Attack,0.12026464360411815,78.2452477943539,146.02860198532977,11.492060085983343,High
2026-08-29T22:34:54.132538+00:00,5,Possible Spoofing Attack,0.12988374397527747,156.96065235367922,75.6014381867127,3.1593809713744285,Medium
2026-08-29T22:34:54.133740+00:00,1,Possible Spoofing Attack,0.14447009166356928,148.69758013320683,69.67111020102294,8.504141507540812,Medium
2026-08-29T22:34:54.137207+00:00,4,Possible Spoofing Attack,0.16194450245703118,155.17138870550014,79.66782556898976,5.258336779822511,Medium
2026-08-29T22:34:54.138571+00:00,2,Possible Spoofing Attack,0.060195532133482166,133.5478530922313,54.4960824770996,2.0477199954848393,Medium
2026-08-29T22:34:54.139322+00:00,1,General UAV Network Anomaly,0.010572433040569651,38.5,53.19429265423512,1.6779744428944499,Medium
2026-08-29T22:34:54.141194+00:00,5,Possible Jamming Attack,0.13425121621484293,92.12742021110031,94.22770604474739,21.35105827816655,High
2026-08-29T22:34:54.142809+00:00,4,General UAV Network Anomaly,0.0012814000145631166,71.375,26.966730563859077,1.95981835635704,Medium
2026-08-29T22:34:54.144816+00:00,3,Possible Jamming Attack,0.1252448562332239,65.10113758823759,126.6223999598781,19.109262584015223,High
2026-08-29T22:34:54.146602+00:00,4,Possible Spoofing Attack,0.12972941207022515,132.82994400565573,61.853697808237875,4.490023845417943,Medium
2026-08-29T22:34:54.148221+00:00,4,General UAV Network Anomaly,0.015388388749695392,119.0,55.496735597997144,1.0675311245203691,Medium
2026-08-29T22:34:54.150332+00:00,2,General UAV Network Anomaly,0.004967162489993848,125.5,39.74776838824946,0.8825808611548002,Medium
2026-08-29T22:34:54.152344+00:00,1,Possible Jamming Attack,0.12207022228873576,56.361098451507246,115.81088518959491,14.860533311083554,High
2026-08-29T22:34:54.154262+00:00,1,Possible Spoofing Attack,0.12328288270962762,189.28620038660793,81.78018626101537,9.321558819142748,Medium
2026-08-29T22:34:54.156451+00:00,1,Possible Spoofing Attack,0.15210640933172548,169.08248816457137,89.0713883860741,7.503798073539411,Medium
2026-08-29T22:34:54.157772+00:00,4,General UAV Network Anomaly,0.008054622101054232,37.0,49.43754235378903,0.4272308606578752,Medium
2026-08-29T22:34:54.159877+00:00,3,General UAV Network Anomaly,0.06988008042294258,85.375,34.26149738792005,3.4193148381889413,Medium
2026-08-29T22:34:54.162047+00:00,3,General UAV Network Anomaly,0.032547914022519,57.0,57.50250852966489,2.883580991609759,Medium
2026-08-29T22:34:54.164087+00:00,3,Possible Spoofing Attack,0.0992784544297961,172.33383067672432,57.96982182713619,3.436155485039435,Medium
2026-08-29T22:34:54.165384+00:00,3,General UAV Network Anomaly,0.006286621247931001,95.625,45.40674055308924,0.3941938505017424,Medium
2026-08-29T22:34:54.168025+00:00,1,Possible Jamming Attack,0.14304114828230197,40.490124036610084,109.57510441447516,19.467687649843203,High
