uav_id,packet_rate,avg_latency_ms,packet_loss_pct,command_success_rate,signal_strength_dbm,cpu_usage_pct,battery_level_pct,label,attack_type,isolation_forest_prediction,random_forest_prediction,anomaly_score,random_forest_attack_probability,pqc_algorithm,pqc_demo_verified,pqc_mean_encapsulation_ms,pqc_mean_decapsulation_ms
5,199.96109658391705,86.5584664632056,3.463173221776776,0.5720751047414416,-64.95475068961682,61.63967524516917,76.52918745117083,1,Malformed_Traffic,1,1,0.14841289838014937,1.0,ML-KEM-768,True,0.025310575000000002,0.025478294999999998
5,55.25,61.675817844332514,1.8248942621563127,0.9601722887969589,-49.513946341108095,31.80071956224771,64.49991113538583,0,Normal,0,0,-0.02083047080680911,0.0,ML-KEM-768,True,0.025310575000000002,0.025478294999999998
4,44.25,42.41301760797439,0.9026101721752421,0.9236898851468588,-57.30392765557794,40.706907385895676,43.472145006438154,0,Normal,0,0,-0.011462741636266038,0.0,ML-KEM-768,True,0.025310575000000002,0.025478294999999998
5,78.5,36.72478114811452,1.8886017020977848,0.9605640883092353,-58.459107116963644,28.4032245131175,48.35373947851467,0,Normal,0,0,-0.037527143632059556,0.005,ML-KEM-768,True,0.025310575000000002,0.025478294999999998
3,46.0,47.82367980431121,1.8596846351458822,0.9517437477669053,-61.36553413543687,45.94595292029499,92.32682740885085,0,Normal,0,0,-0.018840965045631708,0.0,ML-KEM-768,True,0.025310575000000002,0.025478294999999998
4,83.75,49.534047415350614,0.5412112742204532,0.9573286227757773,-55.984474322272725,53.06134483921352,78.47780931629404,0,Normal,0,0,-0.013186435815512432,0.0,ML-KEM-768,True,0.025310575000000002,0.025478294999999998
4,70.0,45.87786111350234,1.2008727222022801,0.9855838243987782,-51.61382781676242,37.46542189186198,73.77732469031349,0,Normal,0,0,-0.06700172922006647,0.0,ML-KEM-768,True,0.025310575000000002,0.025478294999999998
3,169.2646609340805,63.1178753789441,2.577222894836005,0.5603091667879458,-56.13794428033028,46.39344787319848,78.72088688182956,1,Spoofing,1,1,0.07058206864368421,0.935,ML-KEM-768,True,0.025310575000000002,0.025478294999999998
5,230.73262207260785,78.28030229733278,6.261408267271753,0.6727407151707777,-72.73065891194183,52.46651306055777,41.74643714852034,1,Malformed_Traffic,1,1,0.16580965447211538,1.0,ML-KEM-768,True,0.025310575000000002,0.025478294999999998
5,74.375,46.62490838357205,2.7077913925388257,0.9305354750777631,-51.42204549844319,35.36874980729205,52.79501511127262,0,Normal,0,0,-0.023622948250326015,0.005,ML-KEM-768,True,0.025310575000000002,0.025478294999999998
3,89.375,53.93514752161343,0.8387165187244988,0.9990732791529662,-60.91950668522843,46.727635824974,61.90543019989799,0,Normal,1,0,0.00025337537798042487,0.0,ML-KEM-768,True,0.025310575000000002,0.025478294999999998
1,108.0,37.421268960463,0.6338608481870677,0.9625806024919181,-63.6134333922447,26.242842664581634,72.96551460795925,0,Normal,1,0,0.01656607683900435,0.0,ML-KEM-768,True,0.025310575000000002,0.025478294999999998
2,103.75,59.544156863688926,2.1416399263102703,0.981007711575534,-52.62016870602824,38.21617479618984,57.01770371787444,0,Normal,0,0,-0.025548426715477968,0.0,ML-KEM-768,True,0.025310575000000002,0.025478294999999998
2,78.625,49.48826453976849,3.2608823455119573,0.986665365717841,-52.04451534099316,51.045078859795126,92.4723245792947,0,Normal,1,0,0.0205105059495706,0.04,ML-KEM-768,True,0.025310575000000002,0.025478294999999998
4,88.5,45.4412470113489,0.873805737310351,0.9870839371922262,-51.4774920482342,53.894770811952,46.31984888490507,0,Normal,0,0,-0.0021649865770397847,0.0,ML-KEM-768,True,0.025310575000000002,0.025478294999999998
5,127.375,42.68497642293847,1.955197102471792,0.9710301674130908,-56.70057569199844,28.493767914451375,85.64016955945067,0,Normal,0,0,-0.01415587581146277,0.02,ML-KEM-768,True,0.025310575000000002,0.025478294999999998
1,191.89727596301938,89.3399479091772,8.866909266529962,0.6680639473995819,-70.0501454023821,71.17733336298184,46.428533967639424,1,Malformed_Traffic,1,1,0.16284213125984048,1.0,ML-KEM-768,True,0.025310575000000002,0.025478294999999998
3,141.3411726888819,60.25632113872582,5.44201191049262,0.833828923954272,-59.753359171025785,87.2244698522098,62.221002722508786,1,Unauthorized_Access,1,1,0.11073922151094562,1.0,ML-KEM-768,True,0.025310575000000002,0.025478294999999998
4,72.7681795350902,129.69110581928345,24.088167948663603,0.7464837424672942,-89.86384774650706,88.52550122211956,55.58064103781635,1,Jamming,1,1,0.14360867603735772,1.0,ML-KEM-768,True,0.025310575000000002,0.025478294999999998
5,39.25,36.65630885117719,2.40030391857451,0.9724907214416465,-64.68373607534076,29.977030731123588,57.8051954085733,0,Normal,1,0,0.0232328612423941,0.0,ML-KEM-768,True,0.025310575000000002,0.025478294999999998
4,94.75,42.522055172139154,2.711924405936424,0.9901809410260943,-56.71598148856339,26.44276931236106,86.92833580584147,0,Normal,1,0,0.0004601562433731443,0.0,ML-KEM-768,True,0.025310575000000002,0.025478294999999998
5,96.73396518019045,63.924559414830675,3.472293408040402,0.6449571105753299,-67.39388561923143,96.72265904097527,52.81947590622189,1,Unauthorized_Access,1,1,0.12103843291782856,0.99,ML-KEM-768,True,0.025310575000000002,0.025478294999999998
1,78.125,48.52774545489015,0.9241650091576293,0.9847346536911225,-61.88857126261395,28.650859201800166,68.49424408586586,0,Normal,0,0,-0.019291184269735473,0.0,ML-KEM-768,True,0.025310575000000002,0.025478294999999998
4,54.90114375385344,98.27278628057412,11.395373469683495,0.6501053586140136,-86.84138520716097,48.45871444884565,56.204322183514265,1,Jamming,1,1,0.13330074678247184,1.0,ML-KEM-768,True,0.025310575000000002,0.025478294999999998
1,65.625,48.56405521025108,1.0447403391509813,0.9258136697288013,-64.43377451194664,27.762962625987694,87.28237717941832,0,Normal,1,0,0.022142476846441994,0.0,ML-KEM-768,True,0.025310575000000002,0.025478294999999998
3,27.160161357082053,101.34143359203152,15.718188099333682,0.9392934651380306,-86.42826615631432,52.942554228806074,62.629892262045836,1,Jamming,1,1,0.1414294007534781,0.87,ML-KEM-768,True,0.025310575000000002,0.025478294999999998
4,136.5185173678205,57.11328068848638,5.846315355455692,0.8330219771837482,-62.04605772143155,46.07336721609299,48.271907041765765,1,Spoofing,1,1,0.10104156445430379,1.0,ML-KEM-768,True,0.025310575000000002,0.025478294999999998
4,34.375,36.51793380843104,2.6343007515728516,0.9581186707022634,-51.186404577039866,31.738073202246547,42.95800802975579,0,Normal,1,0,0.018057606908520873,0.0,ML-KEM-768,True,0.025310575000000002,0.025478294999999998
2,86.375,53.774370035531234,2.330324727626884,0.9421153352466717,-52.45026856431441,36.34302309362352,59.61142292729505,0,Normal,0,0,-0.0442289009704106,0.0,ML-KEM-768,True,0.025310575000000002,0.025478294999999998
4,60.125,44.68950173823979,1.138485740794729,0.9984087193931014,-56.95330089525335,25.66655446076741,80.08783924685876,0,Normal,0,0,-0.0022768458464795804,0.0,ML-KEM-768,True,0.025310575000000002,0.025478294999999998
2,126.75,33.12238742786342,-0.005860732509468614,0.9780573170575959,-53.11834438860575,42.670602729427344,92.9156157290765,0,Normal,1,0,0.0500704170680184,0.0,ML-KEM-768,True,0.025310575000000002,0.025478294999999998
1,96.375,36.851044415164104,2.6311709523371203,0.9861451979037135,-53.42319663928815,39.71225557556539,67.61045087565502,0,Normal,0,0,-0.03944044489062276,0.005,ML-KEM-768,True,0.025310575000000002,0.025478294999999998
4,90.75,54.03110994437526,1.3950084760201922,0.9438747929889502,-57.491177806641744,26.29945819762936,47.61025104885045,0,Normal,0,0,-0.017025548470131435,0.0,ML-KEM-768,True,0.025310575000000002,0.025478294999999998
4,183.55948786222515,78.95549820049838,10.067493371223007,0.5979638861256336,-66.91610476516732,69.78594470575918,66.33598381508168,1,Malformed_Traffic,1,1,0.15820576346076087,1.0,ML-KEM-768,True,0.025310575000000002,0.025478294999999998
3,116.50354653948139,48.84715799146781,2.36379780651869,0.7231587825724283,-56.017425196035795,87.96133664923762,61.670412797640616,1,Unauthorized_Access,1,1,0.02467750801737234,0.97,ML-KEM-768,True,0.025310575000000002,0.025478294999999998
1,157.69726793017406,55.88323539198117,5.455753606052255,0.586179334449562,-51.625998025479646,54.12033811492531,40.14809627329667,1,Spoofing,1,1,0.11989760732507893,0.995,ML-KEM-768,True,0.025310575000000002,0.025478294999999998
1,82.25,33.67837984385988,2.5971471013715863,0.9792785000219663,-50.74444647566338,28.812887206553178,76.00989416741436,0,Normal,0,0,-0.015714346399703816,0.005,ML-KEM-768,True,0.025310575000000002,0.025478294999999998
1,74.875,35.84041183942879,1.662873450539656,0.9450529595853826,-54.74547211476448,25.835317227322403,74.76105646323401,0,Normal,0,0,-0.02780751909344298,0.0,ML-KEM-768,True,0.025310575000000002,0.025478294999999998
4,122.5,56.82601691857971,1.4057290721421816,0.9526645074207561,-54.67151223562778,44.988035844371154,62.09862243101835,0,Normal,0,0,-0.021246281342629902,0.0,ML-KEM-768,True,0.025310575000000002,0.025478294999999998
2,120.625,41.1492932057622,1.2594181564435516,0.9560372241326255,-60.93127049727818,36.90843918802879,70.93361557648565,0,Normal,0,0,-0.04374599596616613,0.0,ML-KEM-768,True,0.025310575000000002,0.025478294999999998
5,115.0,50.607538091568614,2.4231352310090357,0.9376596390762225,-51.175763812269196,40.39525246846108,87.05531178897299,0,Normal,0,0,-0.02947104185173499,0.0,ML-KEM-768,True,0.025310575000000002,0.025478294999999998
3,175.2529712338219,58.38076968081675,2.345029687039622,0.7464864247434707,-66.13601449329147,93.00645242266052,42.53050687282699,1,Unauthorized_Access,1,1,0.12529794034767583,1.0,ML-KEM-768,True,0.025310575000000002,0.025478294999999998
4,80.125,41.090879316895354,1.0982773623654067,0.9625279571683545,-54.73263579550169,32.62783694334594,52.315852328812426,0,Normal,0,0,-0.06799653952756463,0.0,ML-KEM-768,True,0.025310575000000002,0.025478294999999998
1,48.125,46.536723045061194,0.8617438578740503,0.9963226502068032,-48.15348990500132,34.45031117130195,57.945518336292054,0,Normal,0,0,-0.015292314479651736,0.0,ML-KEM-768,True,0.025310575000000002,0.025478294999999998
4,57.875,46.83729971386512,1.9198486991753103,0.9514379380276233,-49.526748702086685,29.288826328022566,70.90250843952352,0,Normal,0,0,-0.0604887346960879,0.0,ML-KEM-768,True,0.025310575000000002,0.025478294999999998
1,73.8614511408702,90.58478673194898,22.014020291066103,1.0,-84.47796934448584,52.96088496292565,75.56048760443838,1,Jamming,1,1,0.13652913879344653,0.875,ML-KEM-768,True,0.025310575000000002,0.025478294999999998
1,33.75,36.166225691622934,1.6453288817596452,0.9503602322699776,-59.902355021702355,51.73954619080896,47.809684264364655,0,Normal,1,0,0.006462966648551727,0.005,ML-KEM-768,True,0.025310575000000002,0.025478294999999998
3,37.75,39.56606466629248,1.772972410220931,0.9893546774681508,-53.74889597453905,44.15466354397407,84.28142682238978,0,Normal,0,0,-0.04121584159374675,0.0,ML-KEM-768,True,0.025310575000000002,0.025478294999999998
1,168.58226930258223,72.9604757408575,3.698106752021439,0.6427841529818514,-55.141803061183964,39.146803831426844,74.01270832630397,1,Spoofing,1,1,0.1310144589503116,0.99,ML-KEM-768,True,0.025310575000000002,0.025478294999999998
5,72.25,52.615064144228434,0.3705719378121186,0.9566773139655407,-60.91666881663514,30.436766831491287,80.96537915414521,0,Normal,0,0,-0.012081188471783577,0.0,ML-KEM-768,True,0.025310575000000002,0.025478294999999998
5,164.32005361976087,62.92745289518207,4.4637328321434735,0.8074718813878218,-57.06304150096994,94.1418728833109,71.89682215766658,1,Unauthorized_Access,1,1,0.11438024896691501,1.0,ML-KEM-768,True,0.025310575000000002,0.025478294999999998
4,113.875,46.38046743707487,2.1642579928863155,0.9949672822767036,-62.71136962775283,33.26609701422554,47.73009203975486,0,Normal,1,0,0.007414879757548731,0.01,ML-KEM-768,True,0.025310575000000002,0.025478294999999998
1,226.33188690106363,78.82654011412224,2.4743066811264276,0.7870481119678066,-69.12924622428926,80.48033220275565,70.02393826976505,1,Malformed_Traffic,1,1,0.13408183904103832,1.0,ML-KEM-768,True,0.025310575000000002,0.025478294999999998
5,187.84077503174183,66.11129375296512,6.477295600851038,0.5841825078522406,-60.65958078890742,51.537098594150784,43.958744936348275,1,Spoofing,1,1,0.13152285704232725,1.0,ML-KEM-768,True,0.025310575000000002,0.025478294999999998
2,56.75507164748676,89.19072458761443,18.57271837221677,0.8344619390980672,-88.40148708910903,39.95215021803347,40.63681069051194,1,Jamming,1,1,0.14370936276097113,1.0,ML-KEM-768,True,0.025310575000000002,0.025478294999999998
2,63.625,49.25533513775077,1.7649982076664412,0.9833376207409077,-60.9786969590011,41.59871918869,72.25814795705968,0,Normal,0,0,-0.05422118143269877,0.0,ML-KEM-768,True,0.025310575000000002,0.025478294999999998
1,47.54113532232033,135.61879153333456,14.672888509352697,0.8777522788350512,-93.0799943895755,54.68840130546218,70.52600230982245,1,Jamming,1,1,0.15488377910281836,1.0,ML-KEM-768,True,0.025310575000000002,0.025478294999999998
4,127.75,46.78668926957084,2.6911873459734226,0.9677057215088295,-64.70743482244649,39.08555996036901,46.35571071743475,0,Normal,1,0,0.04771230481634947,0.105,ML-KEM-768,True,0.025310575000000002,0.025478294999999998
5,133.2686299937016,78.36657357758983,6.822958942536054,0.7520216577948828,-50.67223032588911,56.60750056696283,53.067560901269935,1,Spoofing,1,1,0.14638459324175312,1.0,ML-KEM-768,True,0.025310575000000002,0.025478294999999998
5,103.625,55.73670803444732,1.3362065331684847,0.9958486656137153,-56.21808869498343,36.100735724284476,79.10505290723961,0,Normal,0,0,-0.029942971425595766,0.0,ML-KEM-768,True,0.025310575000000002,0.025478294999999998
2,75.625,53.08276002353262,1.1217744718037583,0.925522363271028,-45.29392335425429,32.60838312579125,83.39625645014738,0,Normal,1,0,0.003062648950987623,0.0,ML-KEM-768,True,0.025310575000000002,0.025478294999999998
1,135.17490341314198,35.24209102150303,3.02400313333153,0.9069904686591255,-53.74154816620204,87.39626144004875,44.682576519274505,1,Unauthorized_Access,1,1,0.08304567692102216,0.975,ML-KEM-768,True,0.025310575000000002,0.025478294999999998
1,61.0,53.589456096790016,2.6385636301897772,0.9550830790829948,-64.16029142180824,26.142589017979578,43.77567663813297,0,Normal,1,0,0.042800668733508296,0.0,ML-KEM-768,True,0.025310575000000002,0.025478294999999998
4,164.16956399597225,70.99650466913226,6.55274655195744,0.6554004014872945,-55.81022691608642,79.18871471477435,74.64092762722498,1,Spoofing,1,1,0.1409225580864526,1.0,ML-KEM-768,True,0.025310575000000002,0.025478294999999998
1,82.375,47.087251470653385,0.6059456738538418,0.9609345109265209,-61.987837935634516,32.32484826148459,90.94695523066578,0,Normal,0,0,-0.018584926145983727,0.0,ML-KEM-768,True,0.025310575000000002,0.025478294999999998
2,47.25,49.60939679576881,1.7463237475345053,0.9730131610447484,-51.450531703530544,43.10002588636104,66.55682009255577,0,Normal,0,0,-0.0634230569415623,0.0,ML-KEM-768,True,0.025310575000000002,0.025478294999999998
3,207.61635217498355,85.27137162412978,7.9414864143774055,0.759178194313398,-59.46030145745411,76.82376605112522,42.82200254839579,1,Malformed_Traffic,1,1,0.14811904044743607,1.0,ML-KEM-768,True,0.025310575000000002,0.025478294999999998
2,79.13103383686625,98.85738854855538,15.067924255556132,0.7704182297396898,-91.6350786832319,64.84524834603451,43.56038939584035,1,Jamming,1,1,0.14904621836850163,1.0,ML-KEM-768,True,0.025310575000000002,0.025478294999999998
1,141.19202167031293,59.3923909302014,1.4456692457160951,0.7247493468251642,-59.49443106791824,34.92527318426111,58.20302542081538,1,Spoofing,1,1,0.03377829128169618,0.89,ML-KEM-768,True,0.025310575000000002,0.025478294999999998
3,110.0,35.71739979784555,0.4826014519079158,0.9740336166037672,-64.14324889761774,42.783128226105546,84.43261051261896,0,Normal,1,0,0.0036812952647262698,0.0,ML-KEM-768,True,0.025310575000000002,0.025478294999999998
3,162.59449187828588,78.98192927450778,9.294894888912792,0.76876105617414,-46.99603277753522,36.258513186988544,70.80915062599493,1,Malformed_Traffic,1,1,0.13352360421503207,0.985,ML-KEM-768,True,0.025310575000000002,0.025478294999999998
4,34.5,51.11582588260569,1.2469774926683983,0.9990452453322219,-49.264609932857454,43.16443751577836,90.94128610363899,0,Normal,1,0,0.028381795795241027,0.0,ML-KEM-768,True,0.025310575000000002,0.025478294999999998
5,114.75,37.419681701712705,2.052930056026512,0.9610321932917758,-55.90255114394264,48.06760133713505,52.05193355689405,0,Normal,0,0,-0.037166140594039554,0.0,ML-KEM-768,True,0.025310575000000002,0.025478294999999998
5,91.5,39.23494211757453,3.0485339165692795,0.9934987768485102,-50.1887055348098,46.926388699666234,84.30812203236312,0,Normal,0,0,-0.012637893300803116,0.0,ML-KEM-768,True,0.025310575000000002,0.025478294999999998
3,190.005537909925,104.77174745412866,8.674360708196476,0.5579198178572005,-58.24909496068658,75.43813855204658,55.61182188851082,1,Malformed_Traffic,1,1,0.14091676561239586,1.0,ML-KEM-768,True,0.025310575000000002,0.025478294999999998
4,42.875,53.26010234262305,1.4106129045724598,0.9335083365342149,-50.143500501873675,46.04149856679071,48.32541441948012,0,Normal,0,0,-0.024654126766904483,0.005,ML-KEM-768,True,0.025310575000000002,0.025478294999999998
1,112.0,44.929675549573155,0.10181205957834516,0.9928107709425708,-53.30663819668351,40.10640944535658,54.350521880759246,0,Normal,0,0,-0.0010968324035368626,0.0,ML-KEM-768,True,0.025310575000000002,0.025478294999999998
2,60.57018542388145,104.44972762279534,12.81845376313115,0.8037231087135756,-88.14635989737172,54.59649998082371,62.773385276289005,1,Jamming,1,1,0.14722692004629168,1.0,ML-KEM-768,True,0.025310575000000002,0.025478294999999998
3,110.125,55.55070896872617,1.421934559638738,0.9975686181478476,-61.571316465789145,26.775312155906256,66.41618423352458,0,Normal,1,0,0.016687485919212097,0.005,ML-KEM-768,True,0.025310575000000002,0.025478294999999998
1,120.625,48.76829465134417,1.5437519132746331,0.98636700454922,-64.02684672676574,30.855914937156477,46.526333796099635,0,Normal,1,0,0.001281390577342445,0.005,ML-KEM-768,True,0.025310575000000002,0.025478294999999998
5,51.5,50.865386917954815,2.082079930396498,0.9511807509941194,-53.932396242685044,26.974352820717293,90.72055604282063,0,Normal,0,0,-0.017639556880360396,0.0,ML-KEM-768,True,0.025310575000000002,0.025478294999999998
4,57.66885982258109,85.61431066955612,15.152751127539448,0.8100782890088002,-92.25688002726939,47.90155191349617,54.02839151968337,1,Jamming,1,1,0.13484537191556878,1.0,ML-KEM-768,True,0.025310575000000002,0.025478294999999998
4,60.9555264977176,116.3581676819135,21.247152331015315,0.866542316777511,-89.64050498073902,50.844756294644725,41.5502774221673,1,Jamming,1,1,0.15012516371603102,1.0,ML-KEM-768,True,0.025310575000000002,0.025478294999999998
3,107.375,55.90522481685364,1.7891395736503277,0.9749925091308991,-57.92606626838532,32.67231104644901,54.579470638621494,0,Normal,0,0,-0.04138034656142475,0.0,ML-KEM-768,True,0.025310575000000002,0.025478294999999998
5,80.25,27.833145921200465,1.1749262463703831,0.9903890141888928,-45.215644920844994,33.86403773880278,59.980003801939475,0,Normal,1,0,0.016415855015136316,0.0,ML-KEM-768,True,0.025310575000000002,0.025478294999999998
3,60.625,53.07915968839728,2.5462820027550657,0.9270561363031897,-58.82088019863695,26.662476653267333,79.30826213796539,0,Normal,1,0,0.005861313334735829,0.0,ML-KEM-768,True,0.025310575000000002,0.025478294999999998
2,165.03850726618165,56.07230474142831,6.588246007832073,0.752626978292838,-52.62229623921636,55.25401773297832,59.4962521240323,1,Spoofing,1,1,0.10291537788395189,1.0,ML-KEM-768,True,0.025310575000000002,0.025478294999999998
4,47.75,33.01072478794436,1.6857826798439761,0.9758205020858743,-63.470400890013735,38.07985541711757,45.57589133584249,0,Normal,1,0,0.002350062718880941,0.0,ML-KEM-768,True,0.025310575000000002,0.025478294999999998
5,64.25,43.84760561380384,1.801588171033624,0.9391085328321542,-55.698895033987114,43.4928453211561,84.44372994138124,0,Normal,0,0,-0.06985247283855495,0.0,ML-KEM-768,True,0.025310575000000002,0.025478294999999998
2,102.625,48.968513865807,1.6017073678187277,0.9224892479933886,-49.320252826212894,51.82795354769242,83.07685000611733,0,Normal,0,0,-0.013930198818599249,0.0,ML-KEM-768,True,0.025310575000000002,0.025478294999999998
1,112.875,38.24713814073003,1.4102519317334226,0.9841883463327411,-60.678797675104676,39.6710732592286,57.93593188819154,0,Normal,0,0,-0.03707890155519267,0.0,ML-KEM-768,True,0.025310575000000002,0.025478294999999998
3,144.92943104718427,37.123678035544664,3.1813612813584524,0.7709203162008537,-63.39521591279295,64.67493726069681,78.41467098488522,1,Unauthorized_Access,1,1,0.08679435731597607,0.99,ML-KEM-768,True,0.025310575000000002,0.025478294999999998
5,85.875,44.209096983638275,2.7009912840760713,0.938772275342068,-53.80842291069316,31.283673085285333,86.00285781189211,0,Normal,0,0,-0.028411507751371134,0.0,ML-KEM-768,True,0.025310575000000002,0.025478294999999998
2,111.625,42.159741378826205,1.97670436711909,0.9582607907356179,-55.43007767488076,46.44698602273941,89.4095401342216,0,Normal,0,0,-0.04494333875206036,0.0,ML-KEM-768,True,0.025310575000000002,0.025478294999999998
5,40.875,42.40483641946081,1.1531448644713616,0.9356672650069535,-54.16019850220468,38.92200068213514,68.17180892223783,0,Normal,0,0,-0.05416204873585939,0.0,ML-KEM-768,True,0.025310575000000002,0.025478294999999998
5,65.18261441941446,78.28748586460814,23.7003392324758,0.7530327893107968,-88.23488170841851,52.46536506940711,43.69076018251051,1,Jamming,1,1,0.152310955687039,1.0,ML-KEM-768,True,0.025310575000000002,0.025478294999999998
4,36.0,46.93612115254237,0.13347034501758914,0.9590280957753925,-48.01641988996592,26.773174626269636,52.73794636201444,0,Normal,1,0,0.028727018589042808,0.0,ML-KEM-768,True,0.025310575000000002,0.025478294999999998
1,76.75,46.024328548467686,1.670315364889856,0.9575713419744567,-47.51658635685948,38.72329167609665,57.639848845297664,0,Normal,0,0,-0.06368592233413634,0.0,ML-KEM-768,True,0.025310575000000002,0.025478294999999998
5,67.5,44.93410746350337,2.827546068190693,0.9807689142959837,-61.01508091183372,47.07753860655966,67.86771849697016,0,Normal,0,0,-0.023598406894632884,0.01,ML-KEM-768,True,0.025310575000000002,0.025478294999999998
3,107.0,50.06281949906169,0.8253347429319475,0.9403457584942654,-45.24680815317497,42.4358627116287,90.15002457773504,0,Normal,0,0,-0.0004533552273653374,0.0,ML-KEM-768,True,0.025310575000000002,0.025478294999999998
2,137.7424275286711,77.44612629806142,7.203186319141684,0.6320146113597955,-65.80248584854475,73.96402407468454,46.821521955929036,1,Malformed_Traffic,1,1,0.16196941732639536,1.0,ML-KEM-768,True,0.025310575000000002,0.025478294999999998
5,91.5,47.86537476289079,0.9871210661196667,0.9666387540931682,-55.11704658724234,38.11154565526563,66.80614429196235,0,Normal,0,0,-0.06923623711903965,0.0,ML-KEM-768,True,0.025310575000000002,0.025478294999999998
1,81.64969042591221,108.8773143408083,11.052004182832173,0.9032731266245898,-90.9881572827971,48.43585598389576,79.24179449017862,1,Jamming,1,1,0.1164134611675276,1.0,ML-KEM-768,True,0.025310575000000002,0.025478294999999998
3,143.74908459756028,86.05297429458312,4.552331920634113,0.5824489110431257,-49.791523897068394,56.51081666073951,65.23404154580447,1,Spoofing,1,1,0.1448904699253466,1.0,ML-KEM-768,True,0.025310575000000002,0.025478294999999998
2,191.13595507402695,66.3370101734755,1.197092438201603,0.7094252755564517,-65.19079053520662,86.45629604509055,71.60525494904434,1,Unauthorized_Access,1,1,0.11402136492010062,0.995,ML-KEM-768,True,0.025310575000000002,0.025478294999999998
1,169.9720963697446,72.53735637178448,5.908085424357239,0.5976861185590576,-56.15829549932484,40.15601318365525,76.57766917949354,1,Spoofing,1,1,0.1237082030149298,1.0,ML-KEM-768,True,0.025310575000000002,0.025478294999999998
4,45.875,49.12899782862153,0.9848336565599792,0.9281007931692128,-50.27542234942899,54.8374596710578,81.76209703326128,0,Normal,1,0,0.008701231616427774,0.005,ML-KEM-768,True,0.025310575000000002,0.025478294999999998
1,122.625,58.82198101947407,1.058305509088237,0.9427062757618816,-56.40782815735273,33.942269515744684,66.07034462716447,0,Normal,0,0,-0.011559135965525547,0.0,ML-KEM-768,True,0.025310575000000002,0.025478294999999998
2,78.76197227228218,122.2773269228156,14.277197298034853,0.7868501870635852,-86.21958298066917,40.01079344081235,79.99396977945601,1,Jamming,1,1,0.1173683200619351,0.995,ML-KEM-768,True,0.025310575000000002,0.025478294999999998
2,187.13103995254087,88.19023877526838,9.45186356126629,0.6807821689974689,-58.8496851257866,59.914175419746215,77.85514613433483,1,Malformed_Traffic,1,1,0.13780305170725826,1.0,ML-KEM-768,True,0.025310575000000002,0.025478294999999998
5,118.375,43.528510756728174,1.8231878426869483,0.9466725857727288,-47.16213793486875,52.240452681249224,57.920352121069676,0,Normal,0,0,-0.025119532638416098,0.0,ML-KEM-768,True,0.025310575000000002,0.025478294999999998
3,44.25,39.96102683503374,1.3182759242853679,0.9882046225521243,-52.11486552698377,30.843204930616775,85.81155657752636,0,Normal,0,0,-0.026854522682643822,0.0,ML-KEM-768,True,0.025310575000000002,0.025478294999999998
1,72.25,50.28620185377712,2.356233073798661,0.9573425661784951,-51.29209313107989,43.55830867281817,65.53121719236697,0,Normal,0,0,-0.06065469128127943,0.0,ML-KEM-768,True,0.025310575000000002,0.025478294999999998
5,89.625,58.47747971684497,2.074337706789858,0.9784196917672117,-49.21135611609618,49.97251550230758,65.73892543629239,0,Normal,0,0,-0.030412679632848827,0.0,ML-KEM-768,True,0.025310575000000002,0.025478294999999998
5,208.32072704554363,60.88651821384808,11.145447953151777,0.7385329785301207,-70.13963325379727,67.87705543993229,79.20021852787268,1,Malformed_Traffic,1,1,0.13304283272328965,0.995,ML-KEM-768,True,0.025310575000000002,0.025478294999999998
3,111.875,45.43935438921805,1.0860877494355785,0.9317649480453271,-47.16578269594508,29.98224557000541,69.9185211206732,0,Normal,0,0,-0.02290596140870388,0.0,ML-KEM-768,True,0.025310575000000002,0.025478294999999998
3,171.75326033843518,109.61595116720044,3.32578179243946,1.0,-67.73445571525946,72.75169864327202,69.7132510586276,1,Malformed_Traffic,1,1,0.14525924782032973,0.84,ML-KEM-768,True,0.025310575000000002,0.025478294999999998
1,46.0,49.103530006331965,0.5714816438825747,0.9659823643411533,-60.369031280699026,40.89911023064262,64.12561251353301,0,Normal,0,0,-0.043039754012586307,0.0,ML-KEM-768,True,0.025310575000000002,0.025478294999999998
1,36.375,47.687589942833284,1.269059685406568,0.9220113566621818,-60.926657244546305,52.72323147733839,80.30725530325071,0,Normal,1,0,0.03229248165702814,0.0,ML-KEM-768,True,0.025310575000000002,0.025478294999999998
1,112.25,31.157477516606576,2.2725997085734186,0.9679046637106793,-59.06426635960299,54.26419084942066,62.58900849654164,0,Normal,1,0,0.013616873104606353,0.005,ML-KEM-768,True,0.025310575000000002,0.025478294999999998
2,82.0,39.0231368884779,2.196884009753595,0.945056500885614,-45.7768116857967,45.41674485337305,51.388139586066806,0,Normal,0,0,-0.029855879265789864,0.0,ML-KEM-768,True,0.025310575000000002,0.025478294999999998
3,75.5,53.539649377878014,1.3446612830445128,0.9323457252226464,-49.83465415887882,43.31132485954983,50.68504640509908,0,Normal,0,0,-0.04394568693975853,0.0,ML-KEM-768,True,0.025310575000000002,0.025478294999999998
5,104.375,47.364403607833225,1.5118195408939268,0.9625530165219411,-48.97304016252383,42.67643843043567,71.66822245259263,0,Normal,0,0,-0.07206742409942679,0.0,ML-KEM-768,True,0.025310575000000002,0.025478294999999998
1,166.05920381300618,94.20149851859871,7.275362002071852,0.8183278869502801,-70.20001149547234,48.091217938009066,48.983295306156045,1,Malformed_Traffic,1,1,0.1507748354844668,1.0,ML-KEM-768,True,0.025310575000000002,0.025478294999999998
5,95.625,48.80394913159339,1.3600421059867418,0.9877711591755028,-56.27160802540814,31.055255060912742,79.19660904425994,0,Normal,0,0,-0.05559067318539296,0.0,ML-KEM-768,True,0.025310575000000002,0.025478294999999998
5,142.23481863748344,57.09784290583688,3.0208085078880913,0.6890799838099331,-62.506230691167396,94.26592980324466,61.49361987372725,1,Unauthorized_Access,1,1,0.1017766979372885,1.0,ML-KEM-768,True,0.025310575000000002,0.025478294999999998
3,74.18625787517777,115.83127353363946,9.546641861967741,0.7417200363306714,-76.97912902512039,44.94389385846197,76.33388840972037,1,Jamming,1,1,0.11905879695391797,1.0,ML-KEM-768,True,0.025310575000000002,0.025478294999999998
3,196.59223717673734,98.33341562532259,9.555478537892371,0.9687468707423887,-60.97949405396191,64.52093121088748,74.57611948777591,1,Malformed_Traffic,1,1,0.11114747380062528,0.775,ML-KEM-768,True,0.025310575000000002,0.025478294999999998
2,154.06135150644306,52.686187104158286,1.630106974374712,0.7669376142730521,-60.36579797990733,87.61690336925962,71.11939886283747,1,Unauthorized_Access,1,1,0.04660367280146649,1.0,ML-KEM-768,True,0.025310575000000002,0.025478294999999998
2,104.125,52.496580162521425,1.8442551387797288,0.9472652559831878,-51.0674545756522,52.919274290558796,53.31960576911088,0,Normal,0,0,-0.027658533030116783,0.0,ML-KEM-768,True,0.025310575000000002,0.025478294999999998
2,89.875,28.93945582909781,1.4831265852932491,0.9292590085342964,-54.167071635664804,35.54626780149094,78.55144507598996,0,Normal,0,0,-0.031583603025083284,0.0,ML-KEM-768,True,0.025310575000000002,0.025478294999999998
2,64.75,54.93576478407885,1.2408805586126268,0.9509914068534928,-54.013147101944845,25.437014642538365,78.8275930119004,0,Normal,0,0,-0.014706855336995228,0.0,ML-KEM-768,True,0.025310575000000002,0.025478294999999998
3,112.75,53.56833219294007,0.9869419168547867,0.9807665928091706,-59.333904751501386,54.832458026766204,70.025794331995,0,Normal,0,0,-0.0010071357385027513,0.015,ML-KEM-768,True,0.025310575000000002,0.025478294999999998
5,88.50109114529005,109.84622008557261,16.06062109068765,0.9244857763097303,-89.96624775607572,33.872742410994434,40.426891513953365,1,Jamming,1,1,0.13155264572597591,0.875,ML-KEM-768,True,0.025310575000000002,0.025478294999999998
2,57.0,39.10056426818574,1.3733064827421935,0.9626140709409244,-55.76313037449779,48.024964917721164,69.01600069496808,0,Normal,0,0,-0.06950588123273016,0.0,ML-KEM-768,True,0.025310575000000002,0.025478294999999998
1,110.375,40.52206420217382,0.9978984350307454,0.9957315547194837,-47.23071780154159,51.50694185110571,53.30110074784442,0,Normal,1,0,0.0034617129720602158,0.005,ML-KEM-768,True,0.025310575000000002,0.025478294999999998
5,196.369679750716,61.07822316798991,3.6792867918053163,0.7865808389037355,-64.4920215712184,74.39758549420043,70.67073425353342,1,Spoofing,1,1,0.12919100362475222,1.0,ML-KEM-768,True,0.025310575000000002,0.025478294999999998
2,124.65703821066613,54.753656106920104,3.4324542166423004,0.7373239642406432,-63.85885978696437,96.09520665775973,60.86847205467673,1,Unauthorized_Access,1,1,0.10142568196214385,0.99,ML-KEM-768,True,0.025310575000000002,0.025478294999999998
5,75.125,50.10898919870115,1.4357684732003495,0.9262091715785153,-50.03534337336208,29.93885284776006,67.94779452658568,0,Normal,0,0,-0.040939223874543074,0.0,ML-KEM-768,True,0.025310575000000002,0.025478294999999998
1,165.04748419067212,69.4786332759928,3.991687581826522,0.7389990860704171,-52.28689753937938,50.51918774518293,76.06524917945441,1,Spoofing,1,1,0.12565721767246263,1.0,ML-KEM-768,True,0.025310575000000002,0.025478294999999998
3,74.38877322147445,91.54570627184665,23.482172809380383,0.8755174012163499,-79.96181636189883,55.81460895857772,59.85180502002559,1,Jamming,1,1,0.143274589775776,1.0,ML-KEM-768,True,0.025310575000000002,0.025478294999999998
5,134.41296215520381,34.52198443690969,3.0642547636073387,0.7763699480807361,-56.273196379610624,80.9352349643861,77.13343088022486,1,Unauthorized_Access,1,1,0.06585619465048276,0.995,ML-KEM-768,True,0.025310575000000002,0.025478294999999998
1,66.125,38.09907902747562,1.930996124415178,0.972133433496514,-54.72777906911351,50.12592502228167,83.17960114818663,0,Normal,0,0,-0.04766895004801064,0.0,ML-KEM-768,True,0.025310575000000002,0.025478294999999998
2,93.375,49.730528935423855,1.1639141871425946,0.9838874617906201,-56.23230039938477,43.681968468785,79.93611926395502,0,Normal,0,0,-0.05897775093190155,0.0,ML-KEM-768,True,0.025310575000000002,0.025478294999999998
5,102.25,48.10275905224373,1.1726010595014003,0.9321267434295905,-54.76728564209846,47.97914724565537,64.40742365007348,0,Normal,0,0,-0.046773134060977606,0.0,ML-KEM-768,True,0.025310575000000002,0.025478294999999998
4,155.68078959299535,74.37477492506925,6.952599591791279,0.8511693449272661,-64.5528495605724,51.955887069491425,40.666862023985324,1,Spoofing,1,1,0.1639578715844523,1.0,ML-KEM-768,True,0.025310575000000002,0.025478294999999998
2,103.375,32.019810958417985,1.1644116988273336,0.927184972342622,-63.89554958513943,26.8270579929848,59.58511968415319,0,Normal,1,0,0.03507443372821861,0.0,ML-KEM-768,True,0.025310575000000002,0.025478294999999998
3,169.33355836003037,46.27324416048025,2.5573012521747183,0.6098990845935351,-62.27397358688847,69.60193468973115,42.29567374753094,1,Unauthorized_Access,1,1,0.08681356279313035,1.0,ML-KEM-768,True,0.025310575000000002,0.025478294999999998
1,89.375,30.061185389047125,1.7968982933552933,0.9868384189105862,-64.7260289918217,46.86358666769728,61.84993100622528,0,Normal,1,0,0.02184463502482059,0.0,ML-KEM-768,True,0.025310575000000002,0.025478294999999998
2,60.0,45.19001185598198,1.828381696846744,0.9406538603352935,-58.0011012094072,34.57370469461388,86.43731752838104,0,Normal,0,0,-0.06257492047938934,0.0,ML-KEM-768,True,0.025310575000000002,0.025478294999999998
4,74.125,46.9476520855991,1.0199836892481589,0.9647750755870352,-48.74572760213876,48.334337333753524,60.802348338383965,0,Normal,0,0,-0.04978796634342186,0.0,ML-KEM-768,True,0.025310575000000002,0.025478294999999998
4,50.25,44.82820030100272,0.4096920498967864,0.9993010581386906,-61.29254441834977,47.563860986307134,46.502232663985296,0,Normal,1,0,0.03844073698241901,0.0,ML-KEM-768,True,0.025310575000000002,0.025478294999999998
2,88.75,47.141088113304995,0.9009576754112002,0.9924287899422296,-47.80352329217448,45.538785827948985,43.50266221263842,0,Normal,0,0,-0.002863586176561239,0.0,ML-KEM-768,True,0.025310575000000002,0.025478294999999998
3,68.875,59.88622443295333,1.4937951841405357,0.9810524233007112,-62.76238766901752,36.52127915173301,74.98260382865197,0,Normal,0,0,-0.02090780073859938,0.005,ML-KEM-768,True,0.025310575000000002,0.025478294999999998
5,50.375,40.063276733704996,2.2380544838710423,0.9856010103295485,-53.00457370059004,52.16616513786703,62.082368581068195,0,Normal,0,0,-0.02017551887410146,0.0,ML-KEM-768,True,0.025310575000000002,0.025478294999999998
1,199.76667987161193,87.80499306477608,2.7359698016208593,0.6864600079621171,-42.930762418779146,54.51339261301318,50.866567654546216,1,Spoofing,1,1,0.13397780477444343,0.98,ML-KEM-768,True,0.025310575000000002,0.025478294999999998
4,191.85902396417782,71.63864089931674,4.648777634966591,0.8883058936402732,-52.309492394673185,49.29996113659547,60.30036377877326,1,Spoofing,1,1,0.12133050809873791,0.99,ML-KEM-768,True,0.025310575000000002,0.025478294999999998
2,90.875,55.87053306666183,1.149202022905001,0.9583256050482681,-48.81351203429475,50.786691907538106,43.90037777183886,0,Normal,0,0,-0.010346311671928121,0.0,ML-KEM-768,True,0.025310575000000002,0.025478294999999998
3,102.0,44.772628339207465,2.8621098993793788,0.999766252566533,-64.40991889709588,49.17936702602751,85.38662541927971,0,Normal,1,0,0.04153185065596798,0.005,ML-KEM-768,True,0.025310575000000002,0.025478294999999998
2,35.375,39.75931772940737,1.0894163380350599,0.9831041811124288,-54.7543048551303,48.70044524679646,81.21584591982858,0,Normal,0,0,-0.03234407132635103,0.0,ML-KEM-768,True,0.025310575000000002,0.025478294999999998
2,61.5,44.02842688412528,1.443818667654718,0.9890720613485602,-61.51513196709241,36.62353887767616,50.10815658093456,0,Normal,0,0,-0.026266871036724204,0.0,ML-KEM-768,True,0.025310575000000002,0.025478294999999998
5,67.91424520319202,134.10191306900057,15.78788505378215,0.7927060335463991,-90.26604398092589,36.79816561312795,61.792043411043934,1,Jamming,1,1,0.12246457515277753,0.99,ML-KEM-768,True,0.025310575000000002,0.025478294999999998
4,148.25257636505538,67.39659373270105,2.539897550173503,0.6629241323739302,-67.38640353566062,63.2270873194085,56.538630668406405,1,Unauthorized_Access,1,1,0.1334800359715984,0.995,ML-KEM-768,True,0.025310575000000002,0.025478294999999998
5,160.42347173755755,68.6710185250393,5.275525346363325,0.7637323782429315,-66.03415130844624,69.75110731119588,74.31668288974271,1,Spoofing,1,1,0.15835102881971808,1.0,ML-KEM-768,True,0.025310575000000002,0.025478294999999998
5,189.6634636353587,92.96955775854441,6.374637795849612,0.673465884509495,-63.49825901079551,96.21332361434895,44.40295040724229,1,Malformed_Traffic,1,1,0.15440049969704983,1.0,ML-KEM-768,True,0.025310575000000002,0.025478294999999998
5,74.125,52.26297557793942,1.854193776971674,0.9519494998715753,-53.841451096985985,32.93415450001572,51.54436962724269,0,Normal,0,0,-0.058665938747431534,0.0,ML-KEM-768,True,0.025310575000000002,0.025478294999999998
4,125.0,54.69725146580082,2.0118018704803253,0.9925904131770278,-49.94723411856328,43.41938368820181,42.073374870316904,0,Normal,1,0,0.020542879005462478,0.005,ML-KEM-768,True,0.025310575000000002,0.025478294999999998
1,139.1801547778375,43.545754960054474,2.4764907804163636,0.7727208384397987,-61.915220818622274,89.63182742852817,68.59593752309155,1,Unauthorized_Access,1,1,0.05397129874921669,1.0,ML-KEM-768,True,0.025310575000000002,0.025478294999999998
1,52.25,31.341782754979214,0.572446470344767,0.9333887786510903,-45.65472824947269,52.08291363893527,62.720906874992934,0,Normal,1,0,0.03125466618403816,0.0,ML-KEM-768,True,0.025310575000000002,0.025478294999999998
2,175.19845486094943,80.29304194486886,4.8933220983552825,0.659006370555334,-57.129516102944535,47.10655132845307,51.130706432750785,1,Spoofing,1,1,0.12378569674054074,1.0,ML-KEM-768,True,0.025310575000000002,0.025478294999999998
5,81.0,54.11326058289342,0.36725244370078713,0.9204870998591872,-45.26541796998303,42.82148396700433,83.55402280876511,0,Normal,1,0,0.03451936569545788,0.0,ML-KEM-768,True,0.025310575000000002,0.025478294999999998
5,49.82478274103997,92.77900655668849,24.885904682522806,0.9016029205521672,-89.45252658726831,56.544020011207195,46.984436679290475,1,Jamming,1,1,0.15649986244440584,1.0,ML-KEM-768,True,0.025310575000000002,0.025478294999999998
1,139.49332218935095,70.59337324527672,2.2524465218012466,0.8343319823961568,-61.98662309263209,42.674590909374594,73.62414491092767,1,Spoofing,1,1,0.08973129040730676,0.9,ML-KEM-768,True,0.025310575000000002,0.025478294999999998
4,47.5,67.36826166668222,0.6693120176184466,0.9224439565674705,-49.481769343853884,52.358787525988994,68.36221030923902,0,Normal,1,0,0.07441677340344666,0.125,ML-KEM-768,True,0.025310575000000002,0.025478294999999998
4,101.875,47.275780713356326,0.7107469635815828,0.9768088045137365,-58.927521237123194,25.438269913266485,46.82590522425776,0,Normal,1,0,0.010262129190537594,0.0,ML-KEM-768,True,0.025310575000000002,0.025478294999999998
2,66.875,42.84932658563859,1.4812439573550356,0.9440391508480346,-57.751373547683414,46.90730003073604,70.44571929642969,0,Normal,0,0,-0.07126570822037942,0.005,ML-KEM-768,True,0.025310575000000002,0.025478294999999998
4,62.375,48.06239573720629,1.2827580688308102,0.9469472401488883,-58.33930256389203,50.54782957912657,84.68148983023829,0,Normal,0,0,-0.03670737376755129,0.0,ML-KEM-768,True,0.025310575000000002,0.025478294999999998
2,142.7316939036437,77.28137599286538,2.6860682373139078,0.6236357698173632,-65.99527464267555,53.91266127722487,50.6235039322944,1,Spoofing,1,1,0.13626529626909412,0.955,ML-KEM-768,True,0.025310575000000002,0.025478294999999998
1,71.125,44.85661141150517,1.4321799192694478,0.962178094467184,-58.04985835149638,45.820522423172264,49.81288531099227,0,Normal,0,0,-0.06703528957495836,0.0,ML-KEM-768,True,0.025310575000000002,0.025478294999999998
1,135.09661970113362,62.33724278336193,1.994904818969491,0.7969628184916293,-63.283446728137065,77.39690958728562,74.31056583144118,1,Unauthorized_Access,1,1,0.09364917161621589,1.0,ML-KEM-768,True,0.025310575000000002,0.025478294999999998
4,84.375,35.065275866355734,0.530090439462118,0.9503128222447051,-47.83759211497793,39.23304680862205,76.17709607999299,0,Normal,0,0,-0.020017455566991915,0.0,ML-KEM-768,True,0.025310575000000002,0.025478294999999998
5,52.75,36.11068949804722,0.9265149245116383,0.9921036808619719,-57.051036862018165,34.23659146048748,87.92233859857694,0,Normal,0,0,-0.028302852179634852,0.0,ML-KEM-768,True,0.025310575000000002,0.025478294999999998
2,79.06211390592678,70.20154066608545,21.995340612581938,0.8759175040332097,-83.26035485110627,38.60301580426491,62.41394697401294,1,Jamming,1,1,0.11724373733113025,0.985,ML-KEM-768,True,0.025310575000000002,0.025478294999999998
2,83.875,42.13432639607377,0.9536681955722596,0.9232446990035745,-53.37969813249781,45.35473505951744,49.453208167475836,0,Normal,0,0,-0.030231154804019833,0.0,ML-KEM-768,True,0.025310575000000002,0.025478294999999998
2,108.5,35.252082869707316,2.308208997301559,0.9223734578451792,-46.149081206461894,45.3517565650904,93.76229420148913,0,Normal,1,0,0.033858741105860846,0.0,ML-KEM-768,True,0.025310575000000002,0.025478294999999998
5,33.625,25.347254833812844,2.0541544035459536,0.9903857531161356,-49.58514938188897,47.690028087486596,86.93310691073333,0,Normal,1,0,0.036564225959907826,0.0,ML-KEM-768,True,0.025310575000000002,0.025478294999999998
1,114.875,37.7355676514365,2.704581207983674,0.9239597482794933,-56.80521527114122,28.33626242014656,57.92347384386847,0,Normal,1,0,0.019994410220098402,0.005,ML-KEM-768,True,0.025310575000000002,0.025478294999999998
3,114.25,33.798275591891716,2.6483523750215565,0.9221936247978126,-49.26583318585382,25.37023138181122,85.11782484809605,0,Normal,1,0,0.05792662824055306,0.005,ML-KEM-768,True,0.025310575000000002,0.025478294999999998
1,132.48625312419023,53.440539215634665,3.148341739246127,0.6991952940216934,-62.43852686474372,90.74333004770244,54.6359719447123,1,Unauthorized_Access,1,1,0.09705414683218005,1.0,ML-KEM-768,True,0.025310575000000002,0.025478294999999998
4,44.25,33.382367652232816,1.1790941418691576,0.9365847202550047,-54.91992472807348,34.74768383219924,85.6161832578306,0,Normal,0,0,-0.023326869794271676,0.0,ML-KEM-768,True,0.025310575000000002,0.025478294999999998
1,173.29858039811654,57.35028246621403,5.178080637126337,0.691781223918547,-69.27457709959445,66.17151143065597,70.19309833449324,1,Spoofing,1,1,0.12779920144399226,1.0,ML-KEM-768,True,0.025310575000000002,0.025478294999999998
4,130.73391185153466,52.435302041863444,2.7395962708030916,0.8815002225570508,-59.56944565870511,72.53076714929833,75.109976194505,1,Unauthorized_Access,1,1,0.06410433816795558,0.995,ML-KEM-768,True,0.025310575000000002,0.025478294999999998
2,57.375,37.72292882008022,0.9759552801745669,0.9709672669664724,-54.54479716876261,25.02788250609883,61.330884826410184,0,Normal,0,0,-0.008543390770990589,0.0,ML-KEM-768,True,0.025310575000000002,0.025478294999999998
2,43.875,51.46044505284343,0.9324568560749105,0.9401845799871525,-50.01219094397682,27.239152932382865,71.39188145274903,0,Normal,0,0,-0.017276878370339088,0.0,ML-KEM-768,True,0.025310575000000002,0.025478294999999998
2,86.25,54.21140299571786,1.966886282406712,0.9226935342571099,-54.05524959158714,51.577419864922746,54.16134368790487,0,Normal,0,0,-0.005289749146530243,0.0,ML-KEM-768,True,0.025310575000000002,0.025478294999999998
4,77.29277187342909,71.01256489355154,7.748212713578999,0.8791344395761254,-85.97191891145857,47.42604634925964,51.12448670215214,1,Jamming,1,1,0.12591819733016063,1.0,ML-KEM-768,True,0.025310575000000002,0.025478294999999998
4,51.875,31.163359255926835,1.7885528815707534,0.9279098894112509,-49.464190331855455,50.11711654665454,81.0144716412633,0,Normal,0,0,-0.01332868137703136,0.0,ML-KEM-768,True,0.025310575000000002,0.025478294999999998
5,75.125,47.64255254594093,2.3124777469879874,0.9444909872703675,-45.492534457071585,29.938615397095145,50.60788127792878,0,Normal,0,0,-0.020225763953550913,0.0,ML-KEM-768,True,0.025310575000000002,0.025478294999999998
2,46.875,42.94302183002225,3.2822338333831325,0.9424267568633217,-57.688085979920665,33.87242687785062,56.84473378525381,0,Normal,1,0,0.004392276287449537,0.025,ML-KEM-768,True,0.025310575000000002,0.025478294999999998
3,142.48212396574831,69.56609962585716,3.590721018540406,0.807503831445556,-55.47466725820226,78.65618931819938,59.54419703511939,1,Unauthorized_Access,1,1,0.13706270865081405,0.995,ML-KEM-768,True,0.025310575000000002,0.025478294999999998
2,97.5,48.95527429799863,1.2542015143254126,0.9755560364904567,-58.44895669639735,54.25539927926525,88.19058630482559,0,Normal,0,0,-0.009851328271636761,0.0,ML-KEM-768,True,0.025310575000000002,0.025478294999999998
5,62.0,46.80188282244483,1.6607395511145573,0.9658679476508174,-59.64798402276585,29.07064953376838,40.090406641184735,0,Normal,0,0,-0.009480497672821664,0.0,ML-KEM-768,True,0.025310575000000002,0.025478294999999998
3,111.875,44.66953255535382,1.3697604463999835,0.9559082457339767,-50.51311187340921,38.23451656691897,50.22788291565797,0,Normal,0,0,-0.05333926382106502,0.0,ML-KEM-768,True,0.025310575000000002,0.025478294999999998
1,76.90081512169667,114.53010704230577,14.062623475561226,0.7084515466664614,-84.03299861821378,49.79070531457195,76.50397382365563,1,Jamming,1,1,0.12298994981605693,1.0,ML-KEM-768,True,0.025310575000000002,0.025478294999999998
4,154.01990075835081,59.90832230075038,8.53913724378559,0.802716031186521,-65.03790310879236,34.184032941604116,41.88899505979019,1,Spoofing,1,1,0.12752643232730987,0.96,ML-KEM-768,True,0.025310575000000002,0.025478294999999998
3,62.75,41.24448869272363,1.891118526828289,0.9666605993964893,-59.361619141905415,41.722148929425614,55.37999751712634,0,Normal,0,0,-0.06629598416661858,0.0,ML-KEM-768,True,0.025310575000000002,0.025478294999999998
4,78.2452477943539,146.02860198532977,11.492060085983343,0.6717585213681945,-88.49954754140028,48.15697795957758,65.4728585713741,1,Jamming,1,1,0.12026464360411815,1.0,ML-KEM-768,True,0.025310575000000002,0.025478294999999998
5,156.96065235367922,75.6014381867127,3.1593809713744285,0.6812035031092547,-59.05680102130587,20.20583344157822,67.14640375307589,1,Spoofing,1,1,0.12988374397527747,0.93,ML-KEM-768,True,0.025310575000000002,0.025478294999999998
1,148.69758013320683,69.67111020102294,8.504141507540812,0.39832200305439036,-52.818148964009566,59.333337781704174,74.01717950715712,1,Malformed_Traffic,1,1,0.14447009166356928,1.0,ML-KEM-768,True,0.025310575000000002,0.025478294999999998
3,110.375,50.16586230978598,0.9935942301252224,0.9683257341656976,-51.05449161892286,25.005595845119892,69.42316703751942,0,Normal,0,0,-0.0013849955044444862,0.005,ML-KEM-768,True,0.025310575000000002,0.025478294999999998
4,155.17138870550014,79.66782556898976,5.258336779822511,0.7636235704801055,-65.14549903584236,63.14473683135303,64.34332618559634,1,Spoofing,1,1,0.16194450245703118,1.0,ML-KEM-768,True,0.025310575000000002,0.025478294999999998
2,74.125,35.62418516439644,1.9670442654722868,0.9386210517681032,-50.06446720932564,36.69699238873242,66.24600436798787,0,Normal,0,0,-0.05526104638055607,0.0,ML-KEM-768,True,0.025310575000000002,0.025478294999999998
2,133.5478530922313,54.4960824770996,2.0477199954848393,0.7975324423644571,-53.7032643596278,86.86247973331942,65.07331617660269,1,Unauthorized_Access,1,1,0.060195532133482166,1.0,ML-KEM-768,True,0.025310575000000002,0.025478294999999998
1,38.5,53.19429265423512,1.6779744428944499,0.9995718913247998,-55.50098069472504,42.2155179392508,44.63454013857181,0,Normal,1,0,0.010572433040569651,0.0,ML-KEM-768,True,0.025310575000000002,0.025478294999999998
5,92.12742021110031,94.22770604474739,21.35105827816655,0.8257410744572041,-89.66661915151303,45.40152582996875,41.59690130255005,1,Jamming,1,1,0.13425121621484293,1.0,ML-KEM-768,True,0.025310575000000002,0.025478294999999998
4,47.125,52.78106293519033,1.3442209694802019,0.9646256153543361,-52.655019583025485,44.567060593973224,84.20653798064694,0,Normal,0,0,-0.05289758893195917,0.0,ML-KEM-768,True,0.025310575000000002,0.025478294999999998
4,39.125,51.159356468237306,1.9055031010134196,0.9219598758614123,-58.950419416641466,34.82262876200344,78.29058476655995,0,Normal,0,0,-0.013049983245870811,0.0,ML-KEM-768,True,0.025310575000000002,0.025478294999999998
4,71.375,26.966730563859077,1.95981835635704,0.9855404083897169,-59.17008518152554,32.609066665421146,45.36292308551314,0,Normal,1,0,0.0012814000145631166,0.0,ML-KEM-768,True,0.025310575000000002,0.025478294999999998
3,65.10113758823759,126.6223999598781,19.109262584015223,0.7870622735075526,-83.86477849596551,41.11264282049472,65.24752312240284,1,Jamming,1,1,0.1252448562332239,1.0,ML-KEM-768,True,0.025310575000000002,0.025478294999999998
4,132.82994400565573,61.853697808237875,4.490023845417943,0.745315583904359,-62.7910426641591,78.17925529908074,52.658285234976645,1,Unauthorized_Access,1,1,0.12972941207022515,1.0,ML-KEM-768,True,0.025310575000000002,0.025478294999999998
4,74.375,41.709675274721484,1.7380473413676616,0.9269743574265465,-58.32786421941914,28.833239583699715,52.72039605737755,0,Normal,0,0,-0.0331384615991796,0.0,ML-KEM-768,True,0.025310575000000002,0.025478294999999998
4,119.0,55.496735597997144,1.0675311245203691,0.9532897142456874,-51.715965738564286,25.568362101230637,61.20544604207226,0,Normal,1,0,0.015388388749695392,0.0,ML-KEM-768,True,0.025310575000000002,0.025478294999999998
1,87.75,53.45699946685047,0.7556188481375031,0.941293441001243,-57.08584072852415,32.97993079277974,53.685046486096255,0,Normal,0,0,-0.03932503885143118,0.0,ML-KEM-768,True,0.025310575000000002,0.025478294999999998
2,108.0,62.382738362986444,1.9559864966489156,0.9717160072099685,-59.835379606676796,35.25541856494276,88.31287246747289,0,Normal,0,0,-0.015332357345541947,0.005,ML-KEM-768,True,0.025310575000000002,0.025478294999999998
2,125.5,39.74776838824946,0.8825808611548002,0.9226116542036535,-47.570631572469324,35.11908509402459,68.21386424014992,0,Normal,1,0,0.004967162489993848,0.005,ML-KEM-768,True,0.025310575000000002,0.025478294999999998
1,56.361098451507246,115.81088518959491,14.860533311083554,0.5886533920839834,-80.26127508234472,37.25694613773513,70.61265198101545,1,Jamming,1,1,0.12207022228873576,0.995,ML-KEM-768,True,0.025310575000000002,0.025478294999999998
5,66.5,45.69628182517338,1.5309706979566415,0.9582302758417794,-57.18812784836436,54.6561996113712,56.580468270234036,0,Normal,0,0,-0.02458494223932811,0.005,ML-KEM-768,True,0.025310575000000002,0.025478294999999998
1,189.28620038660793,81.78018626101537,9.321558819142748,0.5697237054734267,-60.46867120140565,45.58171091567175,58.1685767906099,1,Malformed_Traffic,1,1,0.12328288270962762,1.0,ML-KEM-768,True,0.025310575000000002,0.025478294999999998
1,169.08248816457137,89.0713883860741,7.503798073539411,0.79273268233611,-66.9571880072137,49.56430720255736,47.13326049712865,1,Malformed_Traffic,1,1,0.15210640933172548,1.0,ML-KEM-768,True,0.025310575000000002,0.025478294999999998
1,117.75,59.963391182524134,2.0141169652152104,0.9367802358146945,-53.0580845962656,49.006190430507374,83.33835734750124,0,Normal,0,0,-0.007938817035283707,0.015,ML-KEM-768,True,0.025310575000000002,0.025478294999999998
4,37.0,49.43754235378903,0.4272308606578752,0.9335264856284794,-56.133869809656495,27.629495085839597,78.80994680029399,0,Normal,1,0,0.008054622101054232,0.0,ML-KEM-768,True,0.025310575000000002,0.025478294999999998
3,97.0,40.60593454767144,1.0384106119842984,0.9505289551893761,-63.467283870495024,34.60081949687176,47.65857645267602,0,Normal,0,0,-0.0202946016078846,0.005,ML-KEM-768,True,0.025310575000000002,0.025478294999999998
3,85.375,34.26149738792005,3.4193148381889413,0.9791737040581411,-64.29984170386389,52.081165313360685,49.741992930903976,0,Normal,1,0,0.06988008042294258,0.125,ML-KEM-768,True,0.025310575000000002,0.025478294999999998
3,51.875,44.98691226684722,2.2751718998370993,0.9265765650969425,-54.06629489801422,49.99613069790023,79.75315303418367,0,Normal,0,0,-0.027899956230563072,0.005,ML-KEM-768,True,0.025310575000000002,0.025478294999999998
3,57.0,57.50250852966489,2.883580991609759,0.9910431251488094,-52.89176484984826,51.21624866563055,92.38842343265293,0,Normal,1,0,0.032547914022519,0.015,ML-KEM-768,True,0.025310575000000002,0.025478294999999998
5,36.25,53.98833425353213,2.2093212252387473,0.969102193505256,-56.77321067001712,28.82108420343643,64.49752366081827,0,Normal,0,0,-0.022196002150427052,0.0,ML-KEM-768,True,0.025310575000000002,0.025478294999999998
3,172.33383067672432,57.96982182713619,3.436155485039435,0.6338819954041435,-59.40351647488991,79.33040096702861,60.579584092481554,1,Unauthorized_Access,1,1,0.0992784544297961,1.0,ML-KEM-768,True,0.025310575000000002,0.025478294999999998
3,95.625,45.40674055308924,0.3941938505017424,0.9854565334998598,-55.990428570588094,28.49433549020011,43.3783821092908,0,Normal,1,0,0.006286621247931001,0.0,ML-KEM-768,True,0.025310575000000002,0.025478294999999998
1,40.490124036610084,109.57510441447516,19.467687649843203,0.8399534150148033,-89.30669299003618,49.247520996639345,70.53179647989126,1,Jamming,1,1,0.14304114828230197,1.0,ML-KEM-768,True,0.025310575000000002,0.025478294999999998
